Student_ID,Gender,Stream,Job_Role,CGPA,Aptitude_Score,Soft_Skills_Rating,Certifications_Count,Num_Projects
STU1000,Male,CSE,Frontend Developer,8.976058439877534,80,8,4,3
STU1001,Male,ECE,Web Developer,9.736722756542283,55,5,1,7
STU1002,Male,CSE,Web Developer,7.289633818185117,52,9,2,4
STU1003,Male,CSE,Data Analyst,9.615412970425213,95,3,1,3
STU1004,Male,CSE,Data Scientist,7.324283998873655,99,9,3,5
STU1005,Female,CSE,Data Analyst,9.209827152525252,85,6,3,2
STU1006,Male,CSE,Data Scientist,9.436840234652802,100,3,5,1
STU1007,Male,CSE,Full Stack Developer,10.0,63,6,1,7
STU1008,Male,CSE,Full Stack Developer,7.372836193934017,72,8,3,4
STU1009,Female,Mech,QA Tester,8.697016875878422,97,5,0,1
STU1010,Female,CSE,Data Scientist,8.747908201786748,67,2,6,2
STU1011,Male,ECE,QA Tester,7.29177158761149,90,9,0,1
STU1012,Female,CSE,Full Stack Developer,7.379839395490775,82,5,3,3
STU1013,Female,CSE,Data Scientist,9.909088771931488,87,3,5,1
STU1014,Female,CSE,Data Scientist,10.0,84,5,3,4
STU1015,Female,CSE,QA Tester,6.90940776728509,64,4,4,4
STU1016,Female,CSE,Full Stack Developer,8.077621177309794,80,7,0,4
STU1017,Male,ECE,QA Tester,9.284880296412481,77,4,4,5
STU1018,Female,CSE,Full Stack Developer,8.95534678132207,75,4,2,6
STU1019,Female,CSE,Data Scientist,10.0,81,3,4,2
STU1020,Female,CSE,Web Developer,8.317763329451667,72,7,4,7
STU1021,Male,CSE,QA Tester,8.982248050729911,65,3,1,3
STU1022,Female,CSE,Web Developer,9.859677819155726,82,4,1,4
STU1023,Female,CSE,QA Tester,7.594496082541497,74,10,4,2
STU1024,Female,ECE,Web Developer,9.9695816907022,82,8,1,3
STU1025,Female,CSE,Full Stack Developer,9.34632818991071,88,7,3,8
STU1026,Male,CSE,Full Stack Developer,7.856277700771619,55,2,1,4
STU1027,Male,CSE,Web Developer,9.526513190515605,89,5,2,4
STU1028,Male,CSE,Frontend Developer,7.96618572754789,67,3,1,5
STU1029,Male,CSE,Data Analyst,9.888937607178907,88,5,2,1
STU1030,Female,CSE,Data Analyst,9.043661496532442,71,6,5,4
STU1031,Male,Civil,QA Tester,6.646648313904819,83,9,4,3
STU1032,Male,CSE,Frontend Developer,8.346119373933913,57,2,3,4
STU1033,Female,CSE,Data Analyst,10.0,80,5,2,1
STU1034,Female,CSE,Data Analyst,8.185373892080692,82,2,5,2
STU1035,Female,ECE,Frontend Developer,8.08683143895094,62,5,0,5
STU1036,Male,CSE,QA Tester,9.054318197706165,90,8,1,5
STU1037,Male,CSE,Data Scientist,9.726956687328569,67,4,2,1
STU1038,Female,CSE,Frontend Developer,8.162778514898788,88,3,0,5
STU1039,Female,CSE,Data Scientist,8.97166383844955,92,5,1,1
STU1040,Female,CSE,Business Analyst,8.709778080735123,88,10,4,4
STU1041,Male,CSE,Full Stack Developer,7.577669730615952,84,1,3,7
STU1042,Male,CSE,Full Stack Developer,8.362580530157535,87,6,0,6
STU1043,Female,CSE,Data Analyst,8.73059491430217,99,7,4,2
STU1044,Female,CSE,Web Developer,7.653932980781201,57,2,0,4
STU1045,Male,CSE,Data Scientist,8.676417221953802,66,2,4,3
STU1046,Male,CSE,Web Developer,9.44861061422161,58,9,3,4
STU1047,Female,CSE,Frontend Developer,9.909840827864429,52,4,3,6
STU1048,Male,CSE,Data Scientist,8.38319834744349,97,5,6,1
STU1049,Male,CSE,Frontend Developer,8.36322019618551,76,5,3,6
STU1050,Male,ECE,QA Tester,8.822895271090152,87,7,1,2
STU1051,Male,CSE,Data Analyst,9.465008918340683,77,5,3,1
STU1052,Female,CSE,Frontend Developer,8.208922342485078,74,9,1,5
STU1053,Male,CSE,Data Scientist,10.0,82,9,4,4
STU1054,Female,Civil,QA Tester,7.3660532910781145,62,5,4,3
STU1055,Female,CSE,Frontend Developer,9.734899592691503,67,1,2,5
STU1056,Female,Civil,Business Analyst,9.459716568576594,96,3,3,3
STU1057,Female,CSE,Full Stack Developer,9.861205142438715,62,9,3,5
STU1058,Female,CSE,Frontend Developer,9.078658587358987,54,1,1,5
STU1059,Male,CSE,QA Tester,8.804409513858548,65,9,1,5
STU1060,Male,CSE,Frontend Developer,8.51979250836848,65,1,2,4
STU1061,Male,ECE,Frontend Developer,9.544275850469784,81,7,0,4
STU1062,Male,CSE,Full Stack Developer,9.40800308259438,51,8,3,5
STU1063,Male,CSE,Full Stack Developer,9.458569828607061,73,4,4,7
STU1064,Female,CSE,Data Scientist,8.173272217185932,95,4,3,3
STU1065,Male,CSE,Data Scientist,10.0,95,2,3,1
STU1066,Male,ECE,Web Developer,9.113916990552418,74,4,4,3
STU1067,Female,CSE,QA Tester,7.72944296048959,100,8,2,5
STU1068,Male,CSE,Business Analyst,8.620689959557225,66,8,0,5
STU1069,Male,CSE,Data Scientist,9.505648236358576,88,1,5,2
STU1070,Female,CSE,Frontend Developer,8.01679063575905,58,9,1,6
STU1071,Female,Civil,QA Tester,8.60887779549276,79,10,4,3
STU1072,Male,CSE,Data Scientist,7.95478298191782,71,9,2,1
STU1073,Female,CSE,Data Analyst,8.991315534556065,86,3,2,1
STU1074,Female,ECE,Full Stack Developer,9.269203772054864,65,5,2,8
STU1075,Male,CSE,Data Analyst,8.510082822727293,66,9,6,4
STU1076,Male,CSE,Full Stack Developer,7.511872253749747,72,3,2,6
STU1077,Female,CSE,Data Scientist,7.91824505353608,96,2,2,2
STU1078,Male,CSE,Frontend Developer,8.26062657922673,88,8,3,7
STU1079,Male,CSE,Data Analyst,7.814767113266328,68,9,3,5
STU1080,Female,ECE,QA Tester,6.808989728592942,70,5,3,3
STU1081,Male,ECE,Frontend Developer,8.706975029062766,72,8,0,6
STU1082,Male,CSE,Business Analyst,6.581569476346674,60,10,1,1
STU1083,Female,CSE,Web Developer,8.504104212313718,59,8,4,4
STU1084,Female,CSE,Full Stack Developer,7.21364847109224,79,9,0,8
STU1085,Male,ECE,Full Stack Developer,9.964644745401372,88,9,1,3
STU1086,Male,CSE,Business Analyst,7.7716411308974696,96,10,2,5
STU1087,Male,CSE,Full Stack Developer,7.724908946600532,76,2,1,4
STU1088,Male,CSE,QA Tester,8.110257216142752,69,7,1,4
STU1089,Male,CSE,Web Developer,9.386511972954423,82,3,1,5
STU1090,Male,ECE,Full Stack Developer,7.623829176639979,72,5,4,6
STU1091,Female,CSE,Data Analyst,8.549124342000184,100,7,6,1
STU1092,Male,Civil,Business Analyst,8.598087181225111,98,5,1,4
STU1093,Male,ECE,Business Analyst,7.240750234192949,59,9,0,2
STU1094,Male,CSE,Web Developer,10.0,59,6,3,4
STU1095,Female,CSE,Data Analyst,8.023317067576635,71,1,3,2
STU1096,Male,CSE,Full Stack Developer,8.883225422290852,83,5,2,4
STU1097,Male,CSE,Data Analyst,10.0,73,3,5,3
STU1098,Male,ECE,Web Developer,8.31130542776244,64,4,0,8
STU1099,Female,CSE,Data Scientist,7.69261951808915,100,1,2,4
STU1100,Female,CSE,QA Tester,7.487291577247934,90,5,3,4
STU1101,Male,ECE,Frontend Developer,9.222034439956737,81,6,3,5
STU1102,Male,ECE,Full Stack Developer,10.0,69,8,4,5
STU1103,Male,Mech,QA Tester,7.066772258751419,90,10,4,1
STU1104,Male,ECE,Business Analyst,7.872076356027964,98,10,3,4
STU1105,Female,CSE,Data Analyst,8.769686982539652,90,7,2,3
STU1106,Male,CSE,Full Stack Developer,9.055555999150597,67,4,4,4
STU1107,Male,Mech,QA Tester,6.916966139949989,60,4,1,2
STU1108,Male,CSE,QA Tester,7.540403178916316,67,5,3,3
STU1109,Male,ECE,Web Developer,9.831329901376163,65,7,2,5
STU1110,Female,Civil,Business Analyst,6.705601144097172,86,9,3,2
STU1111,Male,ECE,Full Stack Developer,8.317841441915863,83,6,2,5
STU1112,Male,CSE,Full Stack Developer,9.708841350129665,64,2,3,6
STU1113,Male,CSE,Frontend Developer,7.794523924389887,86,7,1,4
STU1114,Female,CSE,Data Analyst,7.496951621787508,93,4,5,4
STU1115,Male,CSE,Frontend Developer,7.113216597129383,82,9,4,3
STU1116,Male,CSE,Full Stack Developer,9.510187240536933,77,5,1,8
STU1117,Male,CSE,Business Analyst,8.556163805949495,68,10,4,5
STU1118,Female,Mech,Business Analyst,6.523195388243954,71,9,4,3
STU1119,Female,CSE,Data Scientist,8.192243930695044,86,8,5,4
STU1120,Male,CSE,Business Analyst,9.30470871805879,64,10,0,1
STU1121,Female,CSE,Web Developer,9.33005840950089,86,7,3,6
STU1122,Male,CSE,Data Analyst,10.0,96,9,2,5
STU1123,Female,CSE,Full Stack Developer,9.443019278467833,72,5,0,4
STU1124,Male,Mech,QA Tester,6.916946771482744,78,7,0,2
STU1125,Male,CSE,Frontend Developer,7.873556122046348,69,2,3,4
STU1126,Female,CSE,Web Developer,8.04116750345229,56,1,4,3
STU1127,Female,CSE,Data Analyst,8.309755881255326,86,5,4,4
STU1128,Female,CSE,Web Developer,7.918281665851497,72,7,4,8
STU1129,Male,CSE,Full Stack Developer,9.84948813286744,65,9,1,6
STU1130,Male,CSE,Web Developer,7.858248617207588,56,2,2,8
STU1131,Female,ECE,Frontend Developer,9.117810657922703,73,2,0,6
STU1132,Female,CSE,Full Stack Developer,8.875053419381613,81,8,2,3
STU1133,Male,CSE,Data Scientist,9.420620433710946,76,7,6,5
STU1134,Male,ECE,Full Stack Developer,9.825271336062045,76,6,0,8
STU1135,Male,CSE,Full Stack Developer,7.831525447805215,62,2,3,6
STU1136,Female,CSE,Frontend Developer,7.323859404093348,88,8,0,3
STU1137,Male,ECE,Web Developer,8.803084018254708,78,2,0,4
STU1138,Male,Mech,QA Tester,8.425624835485394,97,8,1,2
STU1139,Female,CSE,QA Tester,9.35061024792368,87,7,3,3
STU1140,Male,Civil,Business Analyst,6.858508143505576,60,10,0,5
STU1141,Female,CSE,Business Analyst,8.36146570924091,80,4,0,4
STU1142,Female,CSE,Full Stack Developer,9.420687856091975,63,9,2,3
STU1143,Male,Civil,Business Analyst,8.372957581266261,89,5,1,5
STU1144,Female,CSE,Data Scientist,8.574860801759755,97,6,4,5
STU1145,Male,CSE,Business Analyst,6.918883728055636,68,5,3,4
STU1146,Female,CSE,Business Analyst,7.879230997201024,99,5,0,4
STU1147,Female,CSE,Data Scientist,9.125274733894626,61,1,5,3
STU1148,Male,CSE,Frontend Developer,8.218551697537599,60,4,3,3
STU1149,Male,CSE,QA Tester,7.689136744916784,97,10,4,1
STU1150,Female,CSE,QA Tester,8.783772293998087,88,4,3,5
STU1151,Male,CSE,Frontend Developer,8.568702483685135,72,2,3,5
STU1152,Female,CSE,Data Analyst,10.0,94,8,6,2
STU1153,Male,CSE,Full Stack Developer,9.845586043871949,79,9,4,6
STU1154,Female,Mech,Business Analyst,6.656880691593281,60,8,0,3
STU1155,Male,CSE,QA Tester,9.205313070979008,76,10,4,1
STU1156,Female,CSE,Data Scientist,10.0,100,4,2,5
STU1157,Male,ECE,Frontend Developer,7.482787318769954,63,4,2,7
STU1158,Male,CSE,Frontend Developer,8.70795544325138,66,2,4,7
STU1159,Female,CSE,Frontend Developer,7.978695299651916,74,8,2,7
STU1160,Female,CSE,Business Analyst,8.135832506813514,100,8,3,2
STU1161,Female,CSE,Frontend Developer,7.285522113969942,84,5,2,3
STU1162,Female,CSE,Frontend Developer,8.633592056456122,65,9,3,5
STU1163,Male,Mech,QA Tester,7.192927375719728,83,10,0,4
STU1164,Male,CSE,Data Scientist,9.045303921216128,69,3,6,1
STU1165,Female,CSE,Business Analyst,8.499518295759216,78,6,1,3
STU1166,Female,CSE,Frontend Developer,8.50547030307296,56,2,0,4
STU1167,Male,CSE,Web Developer,7.753733710637004,70,6,1,8
STU1168,Male,CSE,Data Analyst,7.561260216156655,95,7,2,5
STU1169,Female,ECE,Frontend Developer,9.776195033553474,62,6,4,4
STU1170,Male,CSE,Data Scientist,9.712851786807894,81,7,6,5
STU1171,Female,CSE,Data Scientist,9.2921295511115,91,6,5,4
STU1172,Male,CSE,Web Developer,9.953051332582373,58,7,4,6
STU1173,Male,CSE,Data Analyst,9.52059114580239,94,6,3,5
STU1174,Female,CSE,Data Scientist,8.543565219747256,77,9,2,1
STU1175,Female,ECE,Web Developer,8.754823334331842,80,3,0,8
STU1176,Male,CSE,Data Analyst,9.261546148197763,90,4,5,2
STU1177,Male,Civil,Business Analyst,9.089805570605083,67,6,2,4
STU1178,Male,CSE,Full Stack Developer,8.696633676520543,65,3,3,4
STU1179,Female,ECE,Full Stack Developer,9.239181768604865,68,8,3,3
STU1180,Female,CSE,Business Analyst,8.974598519187172,100,10,2,5
STU1181,Male,CSE,Data Analyst,7.467999929539271,67,5,3,1
STU1182,Male,CSE,Business Analyst,7.03606302956513,75,8,3,2
STU1183,Male,CSE,QA Tester,7.7124317667156586,67,9,0,2
STU1184,Male,CSE,Data Scientist,8.17723817017716,83,4,5,2
STU1185,Male,CSE,Data Analyst,7.292755045020809,100,5,1,5
STU1186,Male,CSE,QA Tester,8.901519927339315,89,9,2,1
STU1187,Male,CSE,QA Tester,9.245373855148102,76,10,2,3
STU1188,Female,CSE,Full Stack Developer,8.552578621449287,71,6,2,3
STU1189,Male,CSE,Data Analyst,8.726043403316082,92,7,5,3
STU1190,Female,CSE,Business Analyst,8.724797588768995,68,8,0,2
STU1191,Male,CSE,Data Scientist,10.0,72,1,2,5
STU1192,Male,CSE,Web Developer,8.42516986187229,86,6,2,4
STU1193,Female,CSE,Data Scientist,9.514816904558899,95,8,3,1
STU1194,Female,CSE,Data Scientist,9.069695524279718,67,7,4,5
STU1195,Female,CSE,Frontend Developer,9.497014355860063,61,4,4,7
STU1196,Male,CSE,Web Developer,10.0,51,4,3,7
STU1197,Female,ECE,Web Developer,7.431433346113541,84,6,4,3
STU1198,Female,ECE,QA Tester,7.538795824931641,86,9,1,4
STU1199,Female,CSE,Web Developer,9.901590299413781,77,3,4,6
STU1200,Female,Mech,Business Analyst,8.18843893006379,75,4,4,5
STU1201,Male,Mech,Business Analyst,7.418882946262452,92,10,4,3
STU1202,Male,CSE,Full Stack Developer,9.24291171415927,58,5,3,4
STU1203,Male,CSE,Full Stack Developer,8.421185718539629,72,8,1,8
STU1204,Female,CSE,Data Analyst,8.482799908130113,96,1,2,4
STU1205,Male,ECE,Business Analyst,7.353790985479489,94,8,0,2
STU1206,Male,CSE,Web Developer,9.28106289791436,68,8,3,5
STU1207,Male,CSE,Data Analyst,7.69636677297565,100,7,4,2
STU1208,Male,CSE,Data Scientist,8.945847524878554,91,7,3,2
STU1209,Female,CSE,Business Analyst,7.789893050464784,89,8,2,3
STU1210,Female,CSE,Web Developer,8.633266455908398,82,6,0,5
STU1211,Male,CSE,Frontend Developer,8.34321493072674,78,2,1,3
STU1212,Female,CSE,Data Scientist,9.935407086748956,74,6,5,4
STU1213,Female,CSE,Data Analyst,9.031988414520363,90,4,3,5
STU1214,Male,ECE,Business Analyst,6.770772825917848,90,8,4,5
STU1215,Male,CSE,QA Tester,7.527815379659396,74,8,3,2
STU1216,Female,CSE,Data Scientist,7.7586166491041055,100,9,2,5
STU1217,Male,CSE,Data Scientist,7.609427752483937,67,2,6,5
STU1218,Female,CSE,Data Analyst,7.976665202982214,82,6,4,4
STU1219,Male,CSE,Data Scientist,8.47100013756434,78,1,2,4
STU1220,Female,CSE,Full Stack Developer,8.509823455060278,74,4,0,5
STU1221,Male,CSE,Data Scientist,8.455185252674841,85,7,2,5
STU1222,Male,CSE,Web Developer,8.604343969589497,75,9,3,5
STU1223,Male,CSE,Data Analyst,10.0,100,7,1,5
STU1224,Male,CSE,QA Tester,9.303028454429855,81,4,1,4
STU1225,Male,CSE,Full Stack Developer,8.577181735343695,63,2,1,8
STU1226,Female,CSE,Frontend Developer,7.447344426064559,75,2,2,6
STU1227,Female,CSE,Data Scientist,7.6285951617803525,76,7,6,5
STU1228,Male,CSE,Data Analyst,7.677009583212357,93,8,1,4
STU1229,Male,CSE,Web Developer,8.263495975043828,89,5,2,6
STU1230,Male,CSE,Data Analyst,7.645120694851435,67,8,4,1
STU1231,Female,CSE,Data Analyst,9.367474218876097,66,8,2,1
STU1232,Male,CSE,Web Developer,8.700921212066204,74,1,0,5
STU1233,Male,CSE,Data Scientist,10.0,100,4,5,1
STU1234,Female,CSE,Data Scientist,8.574054031322753,70,7,1,3
STU1235,Male,CSE,QA Tester,8.029220765951386,61,6,0,5
STU1236,Male,CSE,Web Developer,10.0,54,8,1,7
STU1237,Female,CSE,Data Analyst,7.838781045015311,95,2,2,2
STU1238,Male,CSE,Data Analyst,9.487009817871684,77,2,5,1
STU1239,Male,ECE,Business Analyst,7.095911181151573,65,6,0,1
STU1240,Male,CSE,Data Scientist,7.895793869169529,79,9,2,5
STU1241,Female,CSE,Data Scientist,9.338201921716557,91,6,5,4
STU1242,Male,ECE,QA Tester,8.946885299689274,63,10,0,2
STU1243,Male,CSE,QA Tester,9.002167149959897,90,10,1,1
STU1244,Male,CSE,Full Stack Developer,9.610231707994314,62,5,1,7
STU1245,Male,CSE,Web Developer,7.820059416116981,84,6,1,4
STU1246,Male,CSE,Data Scientist,8.185324534272427,67,6,4,5
STU1247,Male,ECE,Frontend Developer,7.618942799635898,61,1,2,8
STU1248,Female,CSE,QA Tester,9.172853643832909,83,3,1,2
STU1249,Female,CSE,Data Scientist,9.95444491444995,63,8,4,3
STU1250,Female,CSE,Business Analyst,8.05029336581153,78,5,2,1
STU1251,Female,ECE,Business Analyst,8.456473706904184,69,9,2,3
STU1252,Female,CSE,Data Analyst,8.496336760755687,61,2,6,1
STU1253,Male,Mech,Business Analyst,9.268239166682658,75,8,4,4
STU1254,Female,CSE,Data Analyst,8.398251492666102,83,7,4,5
STU1255,Female,CSE,Data Analyst,10.0,90,5,3,2
STU1256,Male,CSE,Business Analyst,7.48058953438283,75,10,4,5
STU1257,Female,ECE,Frontend Developer,7.374495925305858,67,1,0,4
STU1258,Female,CSE,Full Stack Developer,9.479621854041765,54,3,4,5
STU1259,Male,ECE,QA Tester,8.763706562563346,91,9,2,3
STU1260,Male,CSE,Full Stack Developer,8.833837517273794,69,3,0,4
STU1261,Male,CSE,Web Developer,8.491130368878348,65,2,1,5
STU1262,Male,CSE,Full Stack Developer,9.642114087777289,61,5,3,7
STU1263,Female,CSE,Data Analyst,9.118019245821266,100,7,5,5
STU1264,Male,CSE,Full Stack Developer,9.060515994096063,84,5,4,4
STU1265,Male,ECE,QA Tester,8.556456562642115,62,7,4,4
STU1266,Male,CSE,Data Analyst,9.614506014257072,81,7,4,2
STU1267,Male,CSE,Business Analyst,8.685162865064974,96,6,4,2
STU1268,Female,Mech,QA Tester,7.477081145032539,82,8,4,4
STU1269,Female,CSE,Data Scientist,7.950013349048018,100,4,4,1
STU1270,Female,CSE,Data Analyst,8.010911371319567,100,9,5,5
STU1271,Female,CSE,Business Analyst,6.905010294998306,63,9,2,1
STU1272,Female,CSE,Data Analyst,9.554843112524091,86,8,4,4
STU1273,Female,CSE,Data Scientist,9.912881065166998,88,9,4,1
STU1274,Female,ECE,QA Tester,6.771989282487041,67,6,2,5
STU1275,Male,CSE,Frontend Developer,9.221033710943185,83,6,2,7
STU1276,Male,CSE,Business Analyst,7.208411333239289,78,8,1,1
STU1277,Male,CSE,Data Scientist,10.0,63,4,1,1
STU1278,Male,CSE,QA Tester,7.03909546787285,83,10,3,1
STU1279,Male,CSE,Data Analyst,9.470856525304148,78,6,3,5
STU1280,Male,Civil,QA Tester,8.773298074324083,64,3,1,1
STU1281,Male,CSE,Frontend Developer,9.454496119673284,67,8,0,8
STU1282,Male,CSE,Data Scientist,8.071481922459661,61,1,3,4
STU1283,Female,CSE,Full Stack Developer,8.638902446662044,51,3,1,3
STU1284,Female,CSE,Web Developer,7.937239196782656,59,2,2,4
STU1285,Male,CSE,Data Analyst,9.312561777812542,81,9,4,5
STU1286,Female,CSE,Full Stack Developer,8.527200554330829,56,1,4,5
STU1287,Male,ECE,Full Stack Developer,9.329574985447355,82,5,0,7
STU1288,Male,CSE,Frontend Developer,9.786308377793114,74,1,2,4
STU1289,Female,Civil,Business Analyst,9.416885161980236,88,4,3,3
STU1290,Female,CSE,Data Analyst,8.681600734736318,78,6,3,5
STU1291,Male,CSE,Web Developer,7.270926559198889,85,7,2,3
STU1292,Female,CSE,Data Scientist,9.273624371929534,74,9,1,4
STU1293,Male,CSE,Business Analyst,9.412286331189112,68,4,4,3
STU1294,Male,ECE,Business Analyst,8.023836767137832,69,8,2,2
STU1295,Male,ECE,Business Analyst,7.7970832918161825,92,10,1,1
STU1296,Male,CSE,Full Stack Developer,7.187691679768197,60,4,2,7
STU1297,Female,ECE,Full Stack Developer,7.346310774296546,87,8,4,6
STU1298,Male,CSE,Data Analyst,7.513917720370434,71,7,3,4
STU1299,Male,CSE,Full Stack Developer,9.332618308139764,83,3,4,6
STU1300,Male,CSE,QA Tester,8.059866176945249,67,5,4,5
STU1301,Male,CSE,Full Stack Developer,7.864522326136444,74,2,0,6
STU1302,Male,Mech,Business Analyst,7.934583417576659,70,10,3,5
STU1303,Male,CSE,Web Developer,10.0,77,1,2,4
STU1304,Male,CSE,Data Scientist,7.944922238236712,74,2,5,5
STU1305,Male,CSE,Data Scientist,7.7678549116195,63,2,3,3
STU1306,Male,ECE,Frontend Developer,8.083873759046218,77,3,0,8
STU1307,Male,ECE,Business Analyst,6.7031741848008695,65,5,2,4
STU1308,Male,CSE,Data Analyst,10.0,92,1,2,1
STU1309,Male,CSE,Data Analyst,10.0,68,9,6,1
STU1310,Male,Mech,QA Tester,7.293599788972085,83,6,4,1
STU1311,Female,CSE,Data Scientist,9.540880340190434,100,9,6,4
STU1312,Female,CSE,Business Analyst,8.081225084424911,78,9,3,5
STU1313,Female,CSE,Data Analyst,9.986855190429475,84,5,4,3
STU1314,Male,CSE,Web Developer,8.360996227477237,62,6,1,7
STU1315,Male,ECE,Frontend Developer,7.519468109316682,67,5,1,3
STU1316,Female,CSE,Data Scientist,10.0,68,3,4,5
STU1317,Female,CSE,Web Developer,8.851460987512029,66,7,2,4
STU1318,Female,CSE,Frontend Developer,10.0,57,9,4,7
STU1319,Female,Civil,Business Analyst,7.025330983930201,72,10,0,4
STU1320,Male,CSE,Business Analyst,7.378019452462985,85,4,4,2
STU1321,Male,CSE,Data Analyst,10.0,100,8,5,2
STU1322,Female,CSE,QA Tester,9.066814367243602,77,4,2,3
STU1323,Male,CSE,Frontend Developer,7.5268383038245545,72,1,3,4
STU1324,Female,CSE,Data Analyst,10.0,98,5,4,4
STU1325,Male,CSE,Frontend Developer,9.398189487170315,63,4,1,5
STU1326,Female,CSE,Web Developer,9.653478015961474,89,9,4,4
STU1327,Male,CSE,Business Analyst,7.003802877615643,100,10,2,3
STU1328,Male,CSE,Business Analyst,6.866250949287786,65,8,3,4
STU1329,Female,CSE,Full Stack Developer,9.941232375343112,74,7,2,5
STU1330,Male,CSE,Data Analyst,9.916524418122236,89,4,2,1
STU1331,Female,ECE,Business Analyst,9.496638028945071,88,6,0,3
STU1332,Male,CSE,Data Analyst,9.407414404102298,71,8,5,3
STU1333,Male,Mech,Business Analyst,8.539768310158264,97,7,2,1
STU1334,Male,CSE,Full Stack Developer,8.878179194795974,87,4,1,5
STU1335,Male,CSE,Full Stack Developer,9.898136199499977,56,4,1,8
STU1336,Female,CSE,QA Tester,8.908102931128976,66,10,4,1
STU1337,Female,CSE,QA Tester,8.71024813802194,95,10,4,4
STU1338,Male,CSE,Frontend Developer,7.521579810176626,63,8,0,5
STU1339,Male,Civil,QA Tester,8.484768647419061,92,9,3,1
STU1340,Male,CSE,Full Stack Developer,8.03688159293382,61,5,2,4
STU1341,Female,Civil,Business Analyst,7.215520482635396,86,8,3,3
STU1342,Female,CSE,Data Scientist,9.664958348016947,100,9,3,1
STU1343,Male,ECE,Business Analyst,9.389004251916829,68,8,0,5
STU1344,Female,CSE,Frontend Developer,9.90973148433716,78,6,0,4
STU1345,Male,CSE,Data Analyst,8.469977714523418,74,8,2,2
STU1346,Female,CSE,QA Tester,8.567976023438025,92,7,3,2
STU1347,Male,Civil,QA Tester,6.644906915969241,66,4,3,3
STU1348,Female,CSE,Web Developer,8.650276950366308,84,4,1,3
STU1349,Male,CSE,Full Stack Developer,7.879025359750217,57,6,2,7
STU1350,Female,CSE,Frontend Developer,8.193986778627226,78,4,0,7
STU1351,Female,CSE,Full Stack Developer,9.135396854881844,84,7,2,4
STU1352,Female,CSE,Frontend Developer,10.0,76,7,3,5
STU1353,Female,ECE,QA Tester,8.755838610695578,94,7,4,1
STU1354,Female,Civil,Business Analyst,7.797448661354506,78,5,3,2
STU1355,Male,ECE,Full Stack Developer,8.017291967866042,85,7,1,6
STU1356,Male,CSE,Frontend Developer,9.8655835715202,79,7,0,5
STU1357,Male,CSE,Web Developer,10.0,79,4,1,7
STU1358,Male,CSE,Web Developer,9.05804478760182,71,1,0,3
STU1359,Male,CSE,Data Scientist,8.397504195119598,100,4,4,5
STU1360,Male,CSE,Data Analyst,8.401916948768312,70,6,5,5
STU1361,Male,CSE,Frontend Developer,9.735425254055919,69,2,1,3
STU1362,Male,CSE,Data Analyst,9.446167057418908,80,2,3,1
STU1363,Male,CSE,Data Analyst,9.353046840488473,100,2,3,3
STU1364,Male,CSE,Frontend Developer,7.875712315462096,85,7,2,6
STU1365,Female,CSE,Full Stack Developer,7.448446435725872,62,5,0,4
STU1366,Male,CSE,Data Scientist,7.367790668049496,88,8,4,5
STU1367,Male,CSE,Web Developer,9.109947412123354,78,1,3,6
STU1368,Male,CSE,Web Developer,10.0,53,4,3,3
STU1369,Male,ECE,Business Analyst,7.820400529412653,83,6,2,2
STU1370,Male,CSE,Data Scientist,9.154891093616387,100,4,5,4
STU1371,Male,CSE,Data Scientist,10.0,62,1,4,1
STU1372,Male,Mech,Business Analyst,8.63013672379589,62,10,1,4
STU1373,Female,ECE,Business Analyst,8.467841641413953,89,5,0,1
STU1374,Male,ECE,Frontend Developer,9.790185089304778,74,1,1,5
STU1375,Male,CSE,Data Scientist,9.759773655253472,100,7,6,2
STU1376,Female,Civil,QA Tester,6.6969479445381,93,9,3,1
STU1377,Female,Mech,Business Analyst,8.310533978927037,55,10,1,5
STU1378,Male,ECE,QA Tester,8.768997792643358,93,10,0,5
STU1379,Male,CSE,Frontend Developer,8.54256212503267,74,5,3,3
STU1380,Male,CSE,Data Analyst,10.0,87,6,2,1
STU1381,Female,CSE,Full Stack Developer,8.11397585636816,66,1,2,5
STU1382,Male,CSE,Frontend Developer,8.95450841684945,51,9,0,7
STU1383,Male,ECE,Full Stack Developer,8.532647537572606,70,7,2,5
STU1384,Male,ECE,Web Developer,9.154810824960634,63,4,1,5
STU1385,Female,CSE,Frontend Developer,8.916380601959021,56,4,0,3
STU1386,Male,CSE,Data Analyst,9.126553293267463,98,9,3,1
STU1387,Female,Mech,QA Tester,8.398465418044685,77,10,2,5
STU1388,Female,ECE,Full Stack Developer,9.780216306898502,68,5,4,5
STU1389,Female,CSE,Web Developer,8.700878901055322,76,2,2,4
STU1390,Male,ECE,Business Analyst,6.775578185380455,83,10,2,5
STU1391,Male,CSE,Business Analyst,7.592784764536136,85,8,4,2
STU1392,Female,CSE,Business Analyst,9.386162340602178,81,10,4,3
STU1393,Male,CSE,Frontend Developer,9.330999889905799,63,8,3,4
STU1394,Male,CSE,Data Scientist,8.75653598104569,76,1,6,2
STU1395,Male,CSE,QA Tester,9.266752488956222,78,9,4,5
STU1396,Female,Civil,Business Analyst,8.64244889253223,61,9,1,5
STU1397,Female,CSE,Business Analyst,9.25113282712784,96,7,1,4
STU1398,Male,CSE,QA Tester,9.030166429592665,79,10,0,2
STU1399,Male,CSE,Web Developer,7.733045679840061,63,3,1,6
STU1400,Female,ECE,Web Developer,8.269294799253304,50,1,0,7
STU1401,Male,CSE,QA Tester,8.882624290369792,96,4,4,2
STU1402,Female,CSE,QA Tester,8.448633534153865,85,10,2,1
STU1403,Female,ECE,Web Developer,9.960123851412465,50,5,3,4
STU1404,Female,CSE,Full Stack Developer,8.149656249944831,86,7,3,5
STU1405,Female,CSE,Web Developer,10.0,87,8,3,5
STU1406,Male,CSE,Data Analyst,8.241582534823046,74,3,5,2
STU1407,Male,CSE,Data Scientist,10.0,74,4,5,2
STU1408,Male,ECE,Frontend Developer,7.944679188780873,63,7,1,4
STU1409,Female,CSE,Web Developer,8.217508426638437,51,9,3,7
STU1410,Male,CSE,Data Scientist,7.365408821923975,84,7,3,4
STU1411,Male,CSE,QA Tester,7.936990805132542,58,5,2,4
STU1412,Female,ECE,Business Analyst,8.852202938949787,63,9,0,5
STU1413,Female,CSE,Full Stack Developer,9.46558242873102,60,6,0,5
STU1414,Male,ECE,Full Stack Developer,9.725246753453362,55,1,2,5
STU1415,Female,CSE,Full Stack Developer,9.064410034761131,54,1,4,8
STU1416,Male,CSE,Business Analyst,7.566707582699101,76,6,1,4
STU1417,Male,CSE,Data Scientist,9.548055200207965,77,7,5,2
STU1418,Male,CSE,QA Tester,7.91802135270069,100,9,1,1
STU1419,Male,CSE,Web Developer,9.561304677441635,55,1,4,8
STU1420,Female,CSE,Frontend Developer,9.84512932270368,79,3,1,7
STU1421,Female,CSE,Data Analyst,10.0,66,7,1,1
STU1422,Female,CSE,Data Analyst,10.0,67,6,4,5
STU1423,Male,CSE,Full Stack Developer,7.504131140187306,88,8,0,6
STU1424,Male,CSE,Data Scientist,9.453157456610814,69,8,2,5
STU1425,Female,CSE,Data Analyst,9.714129787681598,76,6,4,1
STU1426,Female,CSE,QA Tester,7.157001869902594,73,10,4,4
STU1427,Female,CSE,QA Tester,7.4500682762159185,91,6,1,2
STU1428,Male,CSE,Data Scientist,9.596707971810229,95,9,1,1
STU1429,Female,CSE,QA Tester,8.923636091764008,100,7,2,4
STU1430,Male,CSE,Frontend Developer,9.928404101767175,80,8,1,3
STU1431,Female,ECE,QA Tester,8.649827616556143,98,7,4,5
STU1432,Male,ECE,Web Developer,8.892518729863806,55,1,4,7
STU1433,Male,ECE,Business Analyst,8.239592916369972,91,6,1,1
STU1434,Male,CSE,QA Tester,6.8554731195330865,80,5,0,5
STU1435,Female,CSE,Web Developer,8.441332827965004,51,7,2,6
STU1436,Female,CSE,Data Scientist,9.524706901924844,100,7,2,2
STU1437,Male,ECE,QA Tester,7.059605531639982,97,3,1,3
STU1438,Female,CSE,Web Developer,9.582947967514466,88,1,2,5
STU1439,Male,CSE,Web Developer,10.0,68,4,2,3
STU1440,Male,CSE,Full Stack Developer,8.019242251247517,83,9,3,7
STU1441,Female,ECE,QA Tester,7.028358666001113,89,7,4,1
STU1442,Female,CSE,Data Scientist,8.58643797232743,94,5,2,2
STU1443,Female,ECE,QA Tester,7.014949481856929,64,10,4,3
STU1444,Male,CSE,Data Scientist,8.520425614220104,67,3,4,3
STU1445,Female,CSE,Frontend Developer,8.877175658228742,54,7,3,7
STU1446,Female,CSE,Web Developer,8.7071197134567,59,2,0,7
STU1447,Male,ECE,Full Stack Developer,9.840487610071328,57,6,3,5
STU1448,Male,CSE,Data Analyst,9.857403914340981,81,7,6,2
STU1449,Male,CSE,Full Stack Developer,8.72107436765145,80,6,0,3
STU1450,Male,CSE,Data Scientist,10.0,75,3,5,5
STU1451,Female,Mech,Business Analyst,6.9454153810672405,81,5,0,3
STU1452,Female,CSE,Data Analyst,8.477415114839442,86,4,2,2
STU1453,Male,CSE,Data Scientist,9.387657585181183,99,6,2,2
STU1454,Male,CSE,Business Analyst,8.692319839541813,94,6,3,1
STU1455,Male,CSE,QA Tester,9.114552723236777,96,3,4,4
STU1456,Female,CSE,Frontend Developer,9.329219767450118,73,5,1,5
STU1457,Female,Civil,QA Tester,9.035725204130491,80,8,0,3
STU1458,Female,CSE,Full Stack Developer,9.77980997027589,62,9,1,8
STU1459,Male,ECE,Full Stack Developer,8.18936938421643,88,2,4,6
STU1460,Female,CSE,Data Analyst,9.98731149607726,64,2,2,5
STU1461,Female,CSE,Business Analyst,8.778953931220826,67,6,4,2
STU1462,Female,CSE,Data Scientist,8.741958007090167,61,3,4,1
STU1463,Male,CSE,Frontend Developer,7.196546222460668,88,6,2,6
STU1464,Male,CSE,Business Analyst,6.994582568538221,74,8,0,2
STU1465,Male,Mech,Business Analyst,9.426301672499358,64,10,4,2
STU1466,Male,CSE,QA Tester,7.541421609615015,97,9,4,2
STU1467,Male,CSE,Data Analyst,8.71353671422071,81,1,5,2
STU1468,Female,Civil,QA Tester,8.078883486792932,88,10,0,4
STU1469,Male,CSE,QA Tester,8.801485536552928,75,10,3,4
STU1470,Male,CSE,QA Tester,7.945646379476006,99,5,4,1
STU1471,Male,CSE,Web Developer,8.977957696658116,73,1,3,7
STU1472,Male,CSE,Web Developer,8.530835477139059,64,8,3,3
STU1473,Female,CSE,Data Scientist,8.18053044011248,70,7,2,1
STU1474,Male,CSE,Data Analyst,7.678142478431448,89,1,3,1
STU1475,Male,ECE,Frontend Developer,9.17308948494192,59,5,3,4
STU1476,Male,ECE,Full Stack Developer,8.758151752519758,81,4,3,4
STU1477,Male,ECE,Full Stack Developer,9.273316453980678,53,6,0,4
STU1478,Female,ECE,QA Tester,8.391857372635545,62,4,2,4
STU1479,Male,ECE,Business Analyst,9.269795648027303,65,8,0,3
STU1480,Female,ECE,Frontend Developer,9.452016561007742,71,7,2,5
STU1481,Female,CSE,Data Analyst,8.467600467882056,78,1,4,4
STU1482,Male,CSE,Data Analyst,8.897559478343343,70,1,4,3
STU1483,Male,CSE,Frontend Developer,8.717629815324022,59,6,2,6
STU1484,Female,CSE,Frontend Developer,8.171753028113432,67,2,4,4
STU1485,Male,CSE,Data Analyst,8.543992162223036,82,9,4,2
STU1486,Male,CSE,Full Stack Developer,7.960236424988734,62,3,0,7
STU1487,Male,CSE,QA Tester,7.285377212365357,88,9,1,2
STU1488,Male,CSE,Frontend Developer,7.930796305713734,71,4,4,5
STU1489,Male,CSE,Frontend Developer,8.07365816409863,77,2,3,5
STU1490,Male,CSE,Business Analyst,8.578147150363655,71,6,1,2
STU1491,Female,ECE,Frontend Developer,10.0,57,8,0,3
STU1492,Female,CSE,Data Scientist,8.413744663335446,87,8,5,1
STU1493,Female,CSE,Data Analyst,9.682625863142633,79,8,3,5
STU1494,Female,CSE,QA Tester,8.04239038757735,77,3,2,2
STU1495,Male,ECE,Business Analyst,6.7717593911622505,84,7,2,1
STU1496,Female,ECE,Web Developer,8.329736891757209,76,9,2,7
STU1497,Female,CSE,Data Scientist,9.958019682139817,100,4,4,1
STU1498,Male,Mech,Business Analyst,9.481129470136745,84,10,4,2
STU1499,Male,CSE,QA Tester,8.968127067311656,93,4,3,5
STU1500,Male,CSE,QA Tester,6.643983427420666,78,9,3,4
STU1501,Female,CSE,Full Stack Developer,10.0,81,8,0,3
STU1502,Male,CSE,Web Developer,7.137187060291758,50,2,1,3
STU1503,Male,ECE,Full Stack Developer,10.0,86,1,4,4
STU1504,Male,CSE,Web Developer,8.379840959920422,68,1,4,8
STU1505,Male,CSE,Business Analyst,7.5345712333580455,76,8,0,1
STU1506,Female,CSE,Data Analyst,8.207316218224108,91,5,6,4
STU1507,Male,CSE,QA Tester,7.435419648079261,84,4,2,1
STU1508,Male,CSE,Frontend Developer,8.092445129841172,68,6,3,3
STU1509,Male,CSE,Full Stack Developer,9.25501227743791,54,5,3,5
STU1510,Male,CSE,QA Tester,7.840760322933135,68,10,0,3
STU1511,Male,CSE,Frontend Developer,7.714408238969619,86,3,4,5
STU1512,Male,CSE,Data Analyst,8.845182894894462,68,6,3,5
STU1513,Male,CSE,Data Analyst,9.03313131955285,91,8,3,4
STU1514,Male,CSE,Data Analyst,7.643692292140238,100,8,4,1
STU1515,Male,CSE,Full Stack Developer,7.151230891306112,73,9,3,7
STU1516,Female,CSE,Frontend Developer,9.295330695056867,79,3,3,5
STU1517,Male,Civil,QA Tester,7.9332728608054115,59,10,0,5
STU1518,Male,CSE,Data Analyst,7.487836372906675,97,8,4,2
STU1519,Female,CSE,Full Stack Developer,7.2523453201886685,69,6,3,3
STU1520,Male,CSE,Full Stack Developer,7.776868778545635,85,6,0,6
STU1521,Female,CSE,Web Developer,9.383386329889882,68,8,4,5
STU1522,Male,CSE,Frontend Developer,9.511060416436212,54,2,3,8
STU1523,Female,CSE,Data Scientist,7.616769742862981,77,8,6,1
STU1524,Male,CSE,Business Analyst,8.668166895069781,92,10,1,5
STU1525,Male,CSE,Web Developer,8.709349323593106,61,7,1,8
STU1526,Male,CSE,QA Tester,7.276407896841976,70,8,4,1
STU1527,Male,CSE,Web Developer,10.0,69,7,4,6
STU1528,Male,CSE,Web Developer,10.0,82,5,3,3
STU1529,Male,CSE,Data Analyst,9.031868630382835,93,4,5,2
STU1530,Male,CSE,Data Scientist,8.480454944324274,68,2,5,5
STU1531,Male,CSE,Full Stack Developer,8.14257521853799,60,4,2,7
STU1532,Male,ECE,Web Developer,9.368363488913433,70,5,4,4
STU1533,Male,CSE,QA Tester,9.050867137663984,100,5,3,1
STU1534,Male,CSE,Data Analyst,9.557972373284544,77,9,4,5
STU1535,Male,ECE,Frontend Developer,8.124340037115468,82,6,1,5
STU1536,Male,CSE,Full Stack Developer,9.201635111797701,81,2,1,6
STU1537,Male,CSE,Data Scientist,8.069377687710196,97,9,3,2
STU1538,Male,Mech,QA Tester,9.17939553339052,69,10,1,4
STU1539,Female,ECE,Frontend Developer,8.738464071448973,83,9,3,3
STU1540,Male,CSE,Data Analyst,7.5857510295948165,100,8,2,1
STU1541,Male,ECE,Business Analyst,7.117307113537521,87,10,1,3
STU1542,Male,Civil,QA Tester,6.859802701958191,94,8,4,2
STU1543,Male,CSE,Frontend Developer,7.258139186027318,79,8,3,4
STU1544,Male,ECE,Frontend Developer,7.9624523158435965,66,7,0,4
STU1545,Female,CSE,Data Scientist,10.0,84,2,5,2
STU1546,Male,Civil,Business Analyst,8.348405567877363,78,5,3,5
STU1547,Male,CSE,Data Analyst,9.312745332452476,98,3,2,4
STU1548,Female,CSE,Business Analyst,6.609361993186291,95,6,4,2
STU1549,Male,CSE,Frontend Developer,8.2405106106634,77,8,0,8
STU1550,Female,CSE,Full Stack Developer,8.830795737200347,64,7,1,5
STU1551,Male,CSE,Full Stack Developer,8.409502024063277,62,2,3,7
STU1552,Male,CSE,Data Analyst,9.82274863464343,82,7,2,1
STU1553,Male,ECE,Full Stack Developer,8.724938402078642,69,7,4,7
STU1554,Male,CSE,Data Scientist,7.701465487549288,84,4,4,3
STU1555,Male,CSE,Business Analyst,7.712726251391664,73,9,1,2
STU1556,Female,CSE,Frontend Developer,7.901823997464445,52,8,0,4
STU1557,Male,Mech,Business Analyst,8.986349696125767,78,5,2,5
STU1558,Male,CSE,Frontend Developer,8.962560922012644,64,6,1,3
STU1559,Male,CSE,Frontend Developer,8.607815887373112,89,8,0,7
STU1560,Male,CSE,Data Analyst,9.587511566395825,96,9,1,1
STU1561,Female,CSE,Data Analyst,7.620573500485048,98,8,4,1
STU1562,Male,CSE,Business Analyst,6.993777691641695,88,10,1,2
STU1563,Male,CSE,Web Developer,7.798505015681577,51,8,1,8
STU1564,Male,CSE,Data Analyst,10.0,88,9,3,3
STU1565,Male,CSE,Data Analyst,7.675957680929553,64,5,1,5
STU1566,Female,CSE,Frontend Developer,8.677710540898346,82,8,3,7
STU1567,Male,CSE,Frontend Developer,9.606373655118075,89,9,4,3
STU1568,Female,ECE,Business Analyst,8.78342709413634,76,10,4,2
STU1569,Male,CSE,Data Scientist,10.0,73,9,3,4
STU1570,Male,ECE,QA Tester,7.223575375144777,93,7,3,3
STU1571,Female,CSE,Data Analyst,9.695798453527273,100,4,2,1
STU1572,Female,CSE,QA Tester,7.086586670538194,86,10,1,5
STU1573,Male,Civil,Business Analyst,8.502988343675362,73,5,0,3
STU1574,Female,CSE,Business Analyst,7.829671481873385,61,10,0,5
STU1575,Male,ECE,Frontend Developer,8.416467872064219,54,7,0,6
STU1576,Female,CSE,Full Stack Developer,10.0,51,4,4,7
STU1577,Female,CSE,Business Analyst,9.308741989233535,73,7,2,4
STU1578,Female,CSE,Data Analyst,8.178186457731455,81,2,4,5
STU1579,Male,CSE,Data Analyst,10.0,91,9,5,4
STU1580,Male,CSE,Full Stack Developer,7.280280390027325,75,7,1,4
STU1581,Female,CSE,Web Developer,7.925465474083984,61,4,4,5
STU1582,Male,CSE,Frontend Developer,9.333063424667442,75,8,1,6
STU1583,Female,CSE,Data Analyst,10.0,92,9,4,5
STU1584,Male,ECE,QA Tester,7.284868852061805,84,7,2,4
STU1585,Female,CSE,Data Scientist,9.981707146948409,73,6,3,4
STU1586,Male,ECE,Frontend Developer,9.358537581414945,64,1,2,6
STU1587,Male,ECE,Web Developer,9.029338575996887,88,2,1,6
STU1588,Female,Civil,Business Analyst,6.774480686673665,92,3,1,5
STU1589,Female,CSE,Data Analyst,9.459412582016343,79,7,5,2
STU1590,Male,CSE,Web Developer,9.496112503946854,58,1,3,4
STU1591,Male,CSE,Data Analyst,10.0,97,6,3,1
STU1592,Male,Civil,QA Tester,6.836709776317746,71,7,3,3
STU1593,Male,CSE,Business Analyst,8.934183425006779,95,9,3,1
STU1594,Male,CSE,Data Analyst,9.932334958183619,90,7,2,3
STU1595,Female,CSE,Business Analyst,8.378921358212619,83,10,1,2
STU1596,Female,CSE,Data Scientist,8.36066085761597,88,8,5,2
STU1597,Female,CSE,Web Developer,9.097576582574712,78,2,1,8
STU1598,Male,ECE,QA Tester,9.305799558129701,73,10,4,5
STU1599,Female,ECE,Frontend Developer,9.162732297846032,57,2,2,5
STU1600,Female,CSE,Web Developer,9.499993823214838,57,4,1,4
STU1601,Male,CSE,Business Analyst,7.925312590052991,56,4,1,3
STU1602,Female,CSE,Data Analyst,9.883491378745132,99,5,3,2
STU1603,Male,CSE,Data Analyst,7.343625760538328,72,3,3,5
STU1604,Female,CSE,QA Tester,7.9669210273721065,100,9,2,3
STU1605,Female,CSE,Data Scientist,9.093409426273794,74,9,4,1
STU1606,Male,CSE,Data Analyst,10.0,73,2,6,1
STU1607,Female,CSE,Business Analyst,9.012474915939235,66,6,1,3
STU1608,Male,Mech,Business Analyst,7.395693092226537,93,6,0,4
STU1609,Male,CSE,Web Developer,8.27207727583357,83,9,4,4
STU1610,Female,ECE,Business Analyst,7.827916221822425,62,7,4,2
STU1611,Male,Mech,QA Tester,6.62843558268323,56,5,1,1
STU1612,Female,CSE,Data Analyst,9.405940525013811,87,7,5,2
STU1613,Male,CSE,Frontend Developer,8.816240809989234,65,8,3,7
STU1614,Male,CSE,Data Scientist,7.939650525493191,100,3,3,3
STU1615,Female,CSE,Data Analyst,9.324658234835555,71,6,2,2
STU1616,Male,CSE,Business Analyst,7.127807775466946,69,4,0,5
STU1617,Female,Civil,QA Tester,9.381971378449624,96,8,1,3
STU1618,Female,CSE,Full Stack Developer,8.29610447169476,89,1,0,8
STU1619,Female,CSE,Data Analyst,7.892204242190182,88,5,5,5
STU1620,Female,CSE,Business Analyst,6.9722413471815505,84,8,3,1
STU1621,Male,CSE,Data Scientist,8.541229733017301,100,8,2,3
STU1622,Female,CSE,Frontend Developer,8.038757699530722,54,4,0,8
STU1623,Male,CSE,Data Scientist,9.321840327729575,93,5,4,2
STU1624,Male,CSE,Data Analyst,7.984935244807792,88,9,3,3
STU1625,Female,Mech,QA Tester,7.945259079585162,73,5,0,1
STU1626,Female,ECE,Full Stack Developer,8.721016507149395,58,5,1,8
STU1627,Male,CSE,Frontend Developer,7.67090545490717,51,6,3,8
STU1628,Female,CSE,Web Developer,9.504779122143958,61,9,4,4
STU1629,Male,CSE,Data Analyst,7.859009570528277,66,8,1,4
STU1630,Male,CSE,QA Tester,7.333033047147125,80,7,3,1
STU1631,Female,CSE,Data Analyst,9.107959624631926,71,2,1,2
STU1632,Female,ECE,Web Developer,8.86729094999122,59,2,4,4
STU1633,Female,CSE,Data Scientist,9.432192409473956,65,3,6,4
STU1634,Female,CSE,Full Stack Developer,7.669254725520051,66,1,2,4
STU1635,Female,CSE,QA Tester,7.414621528403291,75,6,1,4
STU1636,Male,CSE,QA Tester,7.86819669086181,96,10,4,5
STU1637,Male,ECE,QA Tester,7.499133474462605,85,6,2,5
STU1638,Female,CSE,Frontend Developer,9.45235203224856,59,6,0,5
STU1639,Male,CSE,Data Analyst,9.08686835397678,98,7,3,1
STU1640,Male,CSE,Data Scientist,9.723565863267972,87,5,3,4
STU1641,Female,CSE,Business Analyst,7.178143993990698,67,7,0,2
STU1642,Male,CSE,Data Analyst,9.35534737431913,80,1,2,5
STU1643,Male,CSE,QA Tester,7.852438328929326,95,9,0,2
STU1644,Male,CSE,Web Developer,9.247840232904505,83,9,1,6
STU1645,Female,CSE,Data Analyst,7.263868597180637,95,2,2,2
STU1646,Female,CSE,Web Developer,9.62659331459443,81,4,2,3
STU1647,Female,CSE,Data Scientist,10.0,96,9,1,3
STU1648,Male,CSE,Data Scientist,9.598923470076414,67,5,3,5
STU1649,Female,CSE,Business Analyst,8.259218661753646,84,10,3,5
STU1650,Male,CSE,Web Developer,9.638325392951177,61,7,2,8
STU1651,Female,CSE,Frontend Developer,8.349403467219457,58,7,1,4
STU1652,Male,CSE,Web Developer,9.047914555328921,65,5,4,3
STU1653,Female,CSE,Full Stack Developer,8.433994853258554,52,7,2,6
STU1654,Male,CSE,Full Stack Developer,9.909586357480656,78,9,1,8
STU1655,Female,CSE,Data Analyst,7.642201163017884,62,1,1,5
STU1656,Female,CSE,Web Developer,9.912112631526666,77,2,2,6
STU1657,Male,CSE,Business Analyst,7.8983835976429155,67,10,4,2
STU1658,Male,ECE,Business Analyst,7.327473767349504,76,3,2,5
STU1659,Male,ECE,Full Stack Developer,8.483151587591195,55,4,2,4
STU1660,Male,Mech,Business Analyst,8.459651905512368,83,4,0,5
STU1661,Female,CSE,Frontend Developer,7.730035521652679,72,8,0,4
STU1662,Female,CSE,QA Tester,8.308724673953312,84,8,1,3
STU1663,Female,CSE,Full Stack Developer,8.55386749555881,72,2,4,7
STU1664,Male,CSE,Data Scientist,8.495240516183287,95,7,4,5
STU1665,Male,CSE,Data Scientist,7.644136279307781,87,8,1,5
STU1666,Female,CSE,Data Analyst,10.0,91,7,3,2
STU1667,Male,ECE,Web Developer,7.226663856045668,81,2,1,5
STU1668,Male,CSE,Business Analyst,6.647109355590027,57,10,3,3
STU1669,Female,CSE,Data Scientist,9.505552822655908,100,4,4,1
STU1670,Male,CSE,Data Scientist,8.7499141421623,90,8,4,2
STU1671,Male,CSE,QA Tester,8.893609186165486,94,5,2,1
STU1672,Male,CSE,Business Analyst,6.712574213929728,90,4,4,5
STU1673,Male,Mech,Business Analyst,6.786685545043882,67,4,2,5
STU1674,Male,CSE,Data Analyst,7.891763164203664,96,5,5,4
STU1675,Male,ECE,Business Analyst,8.287452292410919,83,8,3,3
STU1676,Female,CSE,Frontend Developer,9.310336336320525,75,4,0,5
STU1677,Male,CSE,Full Stack Developer,9.28062761945069,70,8,1,7
STU1678,Male,CSE,Frontend Developer,10.0,61,3,1,3
STU1679,Male,Mech,QA Tester,7.0735841942366,96,10,1,4
STU1680,Male,CSE,Full Stack Developer,8.061626867083753,54,1,0,5
STU1681,Female,CSE,Web Developer,7.878892078236696,82,3,4,3
STU1682,Male,CSE,Business Analyst,9.123452155770728,70,6,3,2
STU1683,Female,CSE,Data Scientist,10.0,84,4,2,2
STU1684,Male,ECE,Full Stack Developer,9.836332527345423,77,2,1,6
STU1685,Female,Civil,QA Tester,7.5090180024490785,64,9,3,1
STU1686,Male,CSE,Frontend Developer,9.714705368652414,69,1,0,4
STU1687,Female,CSE,Web Developer,7.566008474248649,87,6,1,5
STU1688,Male,CSE,Data Analyst,8.43246028502475,100,4,2,4
STU1689,Male,CSE,Data Scientist,9.243665995423642,92,5,3,4
STU1690,Male,CSE,Full Stack Developer,7.94812378592727,79,4,0,6
STU1691,Male,CSE,QA Tester,8.623998718555685,76,7,3,3
STU1692,Male,CSE,Data Scientist,9.494669697913142,92,9,2,5
STU1693,Male,ECE,QA Tester,8.320303347691759,84,9,0,2
STU1694,Male,CSE,Frontend Developer,9.99631268070409,59,5,2,6
STU1695,Male,CSE,QA Tester,8.47279544606047,83,9,3,2
STU1696,Male,Mech,QA Tester,6.937847624457232,78,3,2,3
STU1697,Male,CSE,Full Stack Developer,9.414852029876073,66,8,0,6
STU1698,Male,CSE,Frontend Developer,10.0,87,7,2,4
STU1699,Male,CSE,Frontend Developer,8.67112482581166,61,1,4,3
STU1700,Male,CSE,Full Stack Developer,9.029506973126372,69,5,4,3
STU1701,Male,ECE,Full Stack Developer,8.1140449907948,83,1,3,4
STU1702,Male,CSE,Data Analyst,9.616027286233365,74,8,3,1
STU1703,Male,CSE,Data Scientist,7.602824530854409,90,5,6,3
STU1704,Male,CSE,Data Scientist,7.427506209562167,87,3,3,4
STU1705,Female,ECE,Frontend Developer,8.022126793198943,81,4,3,4
STU1706,Male,Civil,Business Analyst,8.337043936053131,60,7,3,2
STU1707,Male,CSE,Frontend Developer,8.2382695104663,73,1,1,8
STU1708,Female,CSE,Full Stack Developer,8.075392491598347,79,9,1,7
STU1709,Male,CSE,Business Analyst,7.387493810035422,65,7,1,1
STU1710,Female,CSE,Frontend Developer,7.735041068215781,69,8,4,3
STU1711,Female,Civil,Business Analyst,9.239638419616412,72,3,0,2
STU1712,Male,CSE,Data Analyst,9.519190988242377,94,5,1,2
STU1713,Male,CSE,Web Developer,8.855992996016342,62,7,3,4
STU1714,Female,Civil,Business Analyst,6.868742174827249,94,6,3,3
STU1715,Female,CSE,Data Analyst,9.547486435575514,77,8,4,4
STU1716,Female,CSE,Full Stack Developer,8.498586795205968,78,3,2,6
STU1717,Male,CSE,Web Developer,7.702354850134704,82,4,0,4
STU1718,Female,CSE,Frontend Developer,9.11711800318021,70,9,4,6
STU1719,Male,CSE,Data Scientist,8.616161670886784,96,2,3,1
STU1720,Male,CSE,Data Scientist,9.961817961569027,75,6,4,4
STU1721,Female,CSE,Data Analyst,9.894645814506287,72,1,4,5
STU1722,Male,ECE,Web Developer,9.444599062317813,71,4,4,7
STU1723,Female,ECE,Full Stack Developer,10.0,83,1,4,6
STU1724,Female,CSE,Data Scientist,9.047830181010593,96,4,5,5
STU1725,Male,ECE,Business Analyst,7.555651089928588,82,4,4,4
STU1726,Male,CSE,Data Scientist,8.69448186086709,67,6,2,4
STU1727,Male,Mech,QA Tester,8.227216872533392,84,10,1,1
STU1728,Male,CSE,Frontend Developer,9.587613444985923,75,9,2,7
STU1729,Female,CSE,Frontend Developer,8.0895361927694,80,4,3,5
STU1730,Female,CSE,Business Analyst,9.387432587650723,72,10,4,2
STU1731,Male,CSE,Web Developer,8.956524721039658,50,2,2,4
STU1732,Male,CSE,Web Developer,8.493818724951264,88,6,2,7
STU1733,Female,CSE,Frontend Developer,8.854400384741947,69,5,1,4
STU1734,Female,ECE,QA Tester,9.45014385576063,100,5,2,1
STU1735,Male,CSE,Full Stack Developer,8.620168476598502,76,5,1,5
STU1736,Male,CSE,Full Stack Developer,9.267455735296846,85,8,0,7
STU1737,Male,CSE,Frontend Developer,9.160444497363,83,1,1,4
STU1738,Male,CSE,QA Tester,8.588071727758766,70,5,3,4
STU1739,Female,CSE,Business Analyst,7.18241715412522,81,7,1,4
STU1740,Male,CSE,QA Tester,8.066449904008536,63,5,4,4
STU1741,Male,ECE,Web Developer,7.954280316468566,76,3,4,5
STU1742,Female,CSE,Data Analyst,7.518543617388972,100,1,2,2
STU1743,Male,CSE,Full Stack Developer,7.603479705231883,83,7,1,4
STU1744,Female,ECE,QA Tester,6.685746427772002,70,10,2,1
STU1745,Male,ECE,QA Tester,7.357971871533947,97,3,0,3
STU1746,Male,CSE,Full Stack Developer,9.902362579631395,62,4,2,5
STU1747,Male,ECE,QA Tester,9.088542156286172,64,10,0,2
STU1748,Male,ECE,Web Developer,9.12697134234356,59,2,1,4
STU1749,Male,CSE,Full Stack Developer,7.825798765642446,62,7,3,4
STU1750,Male,CSE,Frontend Developer,8.999069621104809,52,6,4,5
STU1751,Female,CSE,Web Developer,9.916966675699998,70,3,4,3
STU1752,Female,ECE,Full Stack Developer,8.700475168850982,68,1,2,4
STU1753,Male,ECE,Business Analyst,7.280213756259014,89,7,3,4
STU1754,Male,CSE,Full Stack Developer,8.80698663204383,69,6,3,7
STU1755,Male,CSE,Data Scientist,7.941297914643895,99,9,5,1
STU1756,Male,CSE,Frontend Developer,9.49520491394905,76,5,2,8
STU1757,Female,CSE,QA Tester,7.561195754449842,86,9,3,4
STU1758,Female,CSE,Data Scientist,7.664622449597357,77,5,2,4
STU1759,Female,CSE,QA Tester,9.268155603965942,99,10,0,1
STU1760,Female,CSE,Web Developer,8.16557769823375,64,7,1,6
STU1761,Female,CSE,Data Analyst,8.916228847258802,67,8,5,5
STU1762,Female,CSE,Data Analyst,8.874917522851279,82,4,3,5
STU1763,Female,CSE,Web Developer,9.595725189660863,83,9,3,3
STU1764,Female,CSE,Data Analyst,8.583428267814725,83,2,4,3
STU1765,Female,ECE,Full Stack Developer,9.794646108940647,80,2,0,7
STU1766,Male,CSE,Frontend Developer,8.961219462118313,62,8,0,6
STU1767,Female,CSE,Frontend Developer,8.104865984370019,53,8,0,5
STU1768,Male,CSE,Data Scientist,7.399716628338308,100,5,1,5
STU1769,Male,CSE,Data Analyst,10.0,87,3,6,3
STU1770,Male,CSE,Business Analyst,9.385934713409505,77,9,4,5
STU1771,Female,CSE,Full Stack Developer,7.770495641477629,70,9,0,4
STU1772,Male,CSE,Data Analyst,8.22648888495072,98,4,2,1
STU1773,Female,CSE,Web Developer,7.672513529894477,82,2,1,6
STU1774,Female,CSE,Data Analyst,8.52343589108665,84,1,6,5
STU1775,Male,Mech,QA Tester,9.248573464391114,69,10,1,3
STU1776,Male,CSE,Web Developer,9.211125777025298,89,5,4,6
STU1777,Female,CSE,Business Analyst,9.27166824748317,94,10,4,5
STU1778,Female,ECE,Web Developer,8.665354649178003,86,1,3,6
STU1779,Male,CSE,QA Tester,6.80465285108402,94,7,3,1
STU1780,Male,Mech,QA Tester,8.860288066356311,68,8,3,4
STU1781,Male,CSE,Frontend Developer,9.36940350706723,78,3,0,5
STU1782,Female,CSE,Web Developer,7.150271340269201,66,9,3,6
STU1783,Male,CSE,Data Analyst,8.929313227211136,88,3,4,3
STU1784,Female,CSE,Data Scientist,10.0,90,4,3,5
STU1785,Male,ECE,Frontend Developer,9.058438215285518,68,4,4,3
STU1786,Female,CSE,Full Stack Developer,8.06831825302957,61,4,2,5
STU1787,Male,CSE,Data Scientist,7.841819663283259,74,5,5,4
STU1788,Male,CSE,Data Scientist,7.962889086740325,86,4,1,1
STU1789,Male,CSE,Full Stack Developer,7.580244376253342,51,5,0,7
STU1790,Male,Civil,Business Analyst,7.959316022020386,66,10,4,1
STU1791,Male,CSE,Frontend Developer,9.441508035102895,76,7,0,7
STU1792,Male,CSE,Data Analyst,9.37353891215202,91,5,2,4
STU1793,Female,ECE,Web Developer,9.520522427217282,64,8,3,6
STU1794,Male,CSE,Web Developer,9.326297733908891,79,2,2,7
STU1795,Male,CSE,Data Scientist,9.67849698743482,69,3,3,1
STU1796,Male,CSE,Data Scientist,7.370700629574705,85,2,6,3
STU1797,Male,CSE,Data Analyst,8.399251348692385,90,3,3,3
STU1798,Male,CSE,Data Analyst,9.784676336592863,86,3,6,2
STU1799,Female,CSE,Frontend Developer,10.0,54,7,0,3
STU1800,Male,CSE,Data Scientist,7.777690144877202,76,1,5,5
STU1801,Male,CSE,Business Analyst,6.913112918229856,84,10,1,2
STU1802,Female,Mech,QA Tester,6.7480865311158045,69,8,4,3
STU1803,Male,CSE,Full Stack Developer,9.179230667061088,72,4,3,6
STU1804,Male,CSE,Data Scientist,9.356069754862682,66,3,1,2
STU1805,Female,ECE,QA Tester,8.045444185795414,88,7,0,1
STU1806,Female,Civil,Business Analyst,6.8850150396867065,91,10,1,3
STU1807,Male,CSE,Web Developer,10.0,83,9,2,7
STU1808,Male,CSE,Data Scientist,10.0,100,1,6,3
STU1809,Female,Mech,QA Tester,6.647159740491245,94,10,4,3
STU1810,Female,CSE,QA Tester,7.236310086720356,79,4,4,1
STU1811,Male,ECE,Full Stack Developer,9.8589619350308,50,6,1,5
STU1812,Male,CSE,Data Scientist,9.328047267011357,75,2,5,3
STU1813,Female,CSE,Full Stack Developer,8.291818044628386,59,1,4,8
STU1814,Male,CSE,Web Developer,8.93567844431796,51,3,0,6
STU1815,Female,CSE,Data Analyst,10.0,78,2,5,2
STU1816,Male,CSE,Data Analyst,8.899186316441956,98,8,3,3
STU1817,Male,CSE,Frontend Developer,8.74810930519973,55,4,1,4
STU1818,Female,CSE,Business Analyst,9.45780548008429,92,8,1,5
STU1819,Male,CSE,Data Analyst,9.872612842866127,91,4,3,3
STU1820,Female,CSE,Frontend Developer,8.088456916597059,59,7,1,4
STU1821,Female,CSE,Full Stack Developer,10.0,54,5,4,7
STU1822,Male,CSE,Data Analyst,7.9071784556281255,89,1,2,2
STU1823,Female,CSE,Web Developer,9.03431389799738,80,4,4,6
STU1824,Male,CSE,Business Analyst,7.297126990622513,82,6,3,2
STU1825,Male,CSE,Data Scientist,9.116788018770489,76,9,3,1
STU1826,Male,CSE,Business Analyst,6.6505614787068685,80,5,3,5
STU1827,Female,CSE,Full Stack Developer,8.894553517827164,55,8,1,5
STU1828,Male,CSE,Full Stack Developer,10.0,68,3,4,8
STU1829,Female,CSE,Data Analyst,10.0,93,3,4,2
STU1830,Male,Mech,QA Tester,6.717893156076758,91,5,4,1
STU1831,Male,Civil,QA Tester,8.652961464047596,70,7,1,5
STU1832,Male,CSE,Frontend Developer,8.055209983805362,85,5,2,4
STU1833,Male,CSE,Data Analyst,8.093342183054924,100,2,2,3
STU1834,Male,CSE,QA Tester,7.217490708177886,75,7,1,2
STU1835,Female,ECE,Web Developer,9.294977212864628,51,5,3,8
STU1836,Male,CSE,Data Scientist,10.0,99,9,2,3
STU1837,Female,CSE,Web Developer,9.110923649587914,71,5,0,7
STU1838,Female,Civil,QA Tester,9.135915736268844,96,10,2,4
STU1839,Female,CSE,Web Developer,9.304418703087851,70,3,2,8
STU1840,Female,CSE,Full Stack Developer,10.0,69,6,3,6
STU1841,Female,ECE,Frontend Developer,9.881603883223487,64,3,2,6
STU1842,Female,CSE,Web Developer,8.520257314673177,82,9,4,4
STU1843,Male,CSE,Frontend Developer,9.382238978390665,68,5,3,5
STU1844,Male,CSE,Web Developer,8.751039902530525,72,6,0,6
STU1845,Female,CSE,Data Scientist,9.439146715950956,88,1,4,2
STU1846,Male,CSE,Frontend Developer,8.148912565666107,59,2,3,4
STU1847,Male,CSE,Data Analyst,8.199340905741998,80,7,2,4
STU1848,Female,CSE,Data Scientist,9.670585132799907,69,7,5,2
STU1849,Female,ECE,QA Tester,8.237579051272148,80,6,2,3
STU1850,Female,Mech,QA Tester,8.662837389061554,82,10,4,5
STU1851,Male,ECE,Frontend Developer,9.65262860085502,67,5,4,8
STU1852,Male,CSE,QA Tester,8.769349710460766,67,10,0,1
STU1853,Male,CSE,Data Scientist,7.5703468921663735,73,6,1,1
STU1854,Female,CSE,Data Analyst,10.0,90,5,4,2
STU1855,Female,CSE,Full Stack Developer,8.6147806210202,56,9,1,8
STU1856,Female,CSE,Frontend Developer,9.62283179592134,59,2,2,6
STU1857,Male,CSE,Web Developer,7.262033866228282,51,4,0,4
STU1858,Male,ECE,Web Developer,10.0,65,7,3,6
STU1859,Male,CSE,Data Analyst,9.484544962898559,69,6,6,2
STU1860,Male,CSE,Data Analyst,7.556288148479213,68,8,5,5
STU1861,Female,CSE,Frontend Developer,9.640634194882708,62,2,2,8
STU1862,Female,CSE,Data Scientist,8.407695844245852,98,2,3,1
STU1863,Female,CSE,Frontend Developer,8.160094412181397,60,1,4,5
STU1864,Female,CSE,Business Analyst,8.468636232115411,89,4,2,5
STU1865,Male,Mech,QA Tester,8.3891143670178,83,3,0,5
STU1866,Female,CSE,Data Analyst,8.951297731088937,80,1,3,4
STU1867,Male,CSE,Web Developer,8.381389450764235,63,4,1,6
STU1868,Female,CSE,Data Scientist,10.0,73,9,2,2
STU1869,Male,CSE,Data Analyst,9.834925868227211,64,4,2,1
STU1870,Male,CSE,Data Scientist,9.344652203810023,68,9,6,3
STU1871,Male,CSE,Data Scientist,9.410648910194611,91,5,6,2
STU1872,Male,CSE,Data Analyst,10.0,90,1,1,5
STU1873,Female,CSE,Web Developer,8.398411245290989,51,1,2,8
STU1874,Male,CSE,Frontend Developer,9.917340052858329,74,7,3,4
STU1875,Male,CSE,Business Analyst,8.595265883503874,81,8,1,2
STU1876,Male,ECE,QA Tester,6.7507077329579666,69,7,4,2
STU1877,Male,CSE,Data Analyst,7.877853374861601,71,7,1,2
STU1878,Male,ECE,QA Tester,6.6960644386240125,91,5,2,2
STU1879,Male,CSE,Data Scientist,8.092751547026413,67,9,4,1
STU1880,Female,CSE,Full Stack Developer,8.187244956180523,77,1,0,5
STU1881,Male,CSE,Web Developer,7.830042795337194,84,1,4,4
STU1882,Female,ECE,Frontend Developer,10.0,64,8,2,5
STU1883,Male,CSE,Frontend Developer,9.954422483540334,82,8,0,5
STU1884,Male,CSE,Data Scientist,10.0,71,5,5,5
STU1885,Male,Mech,Business Analyst,7.130040436077139,80,10,1,5
STU1886,Female,CSE,Frontend Developer,9.505265114100373,71,4,4,5
STU1887,Male,CSE,Data Scientist,9.37743668975548,73,9,5,5
STU1888,Female,Civil,Business Analyst,7.166509405431399,60,9,1,5
STU1889,Female,CSE,Web Developer,8.052068350499013,69,8,4,7
STU1890,Female,CSE,Data Scientist,9.760546779408985,77,3,4,5
STU1891,Female,CSE,Data Scientist,10.0,90,6,4,2
STU1892,Male,CSE,Frontend Developer,9.733043027917686,81,4,2,8
STU1893,Female,CSE,Data Analyst,9.92081818235196,100,4,1,4
STU1894,Male,CSE,Full Stack Developer,8.660109153180779,64,4,4,5
STU1895,Male,ECE,Web Developer,9.065837814390934,76,8,2,5
STU1896,Male,CSE,Data Analyst,9.314626592383068,94,9,4,2
STU1897,Male,CSE,Frontend Developer,8.931492377833415,58,3,1,7
STU1898,Female,CSE,Frontend Developer,8.078576184054517,83,2,2,4
STU1899,Male,CSE,Business Analyst,8.60610999070882,74,5,1,1
STU1900,Female,ECE,Business Analyst,8.32750557748553,81,9,1,3
STU1901,Male,CSE,Data Analyst,10.0,67,7,2,3
STU1902,Female,CSE,Data Analyst,8.394166726684832,69,9,3,2
STU1903,Male,CSE,Frontend Developer,9.73446126732463,70,6,0,7
STU1904,Male,CSE,Full Stack Developer,8.263786349101633,54,7,4,6
STU1905,Female,CSE,Web Developer,7.703494188783694,52,3,1,6
STU1906,Female,CSE,Web Developer,7.897273700250715,85,5,4,7
STU1907,Female,CSE,Full Stack Developer,9.47677347081855,73,5,1,8
STU1908,Female,CSE,Web Developer,9.044990779708796,56,2,1,3
STU1909,Male,CSE,Business Analyst,8.726868538609477,80,7,3,2
STU1910,Female,CSE,Full Stack Developer,7.689625835725531,61,2,4,6
STU1911,Male,CSE,QA Tester,7.088989359588671,79,7,3,2
STU1912,Female,CSE,Data Analyst,7.821300615949268,62,4,1,2
STU1913,Female,CSE,Frontend Developer,9.513733886041608,55,5,2,6
STU1914,Female,CSE,Data Scientist,10.0,74,6,5,3
STU1915,Male,Civil,Business Analyst,8.470911011436229,68,9,4,2
STU1916,Female,CSE,Data Scientist,9.021625438878782,90,9,3,3
STU1917,Male,ECE,Frontend Developer,9.946041658102871,80,9,2,3
STU1918,Female,CSE,QA Tester,6.513848185383683,86,10,3,4
STU1919,Male,CSE,Data Scientist,9.847158335654186,78,6,3,5
STU1920,Male,CSE,Full Stack Developer,9.129997609897387,65,6,4,4
STU1921,Male,CSE,Data Scientist,9.231401514683807,94,2,1,2
STU1922,Male,Civil,QA Tester,9.187456600568083,79,4,2,3
STU1923,Male,CSE,Web Developer,7.797239344703504,53,4,3,5
STU1924,Female,CSE,Data Scientist,9.592314352850131,75,1,5,5
STU1925,Female,CSE,Frontend Developer,7.636463033902758,76,5,0,3
STU1926,Male,CSE,Web Developer,8.862434870832452,63,7,2,6
STU1927,Female,CSE,QA Tester,9.288233378099928,88,5,3,5
STU1928,Female,CSE,Web Developer,9.008140058734604,81,5,1,3
STU1929,Male,ECE,Frontend Developer,9.312653131395667,55,9,0,4
STU1930,Female,CSE,Business Analyst,7.849318467484795,89,7,1,4
STU1931,Male,ECE,Web Developer,8.361570434941711,70,8,0,7
STU1932,Female,CSE,Data Analyst,8.313159357261291,92,6,5,5
STU1933,Female,CSE,Business Analyst,8.569243569865172,81,8,4,5
STU1934,Male,CSE,Data Analyst,8.48253362526368,84,7,2,1
STU1935,Male,CSE,Web Developer,7.605560384187994,88,2,3,6
STU1936,Male,CSE,Full Stack Developer,9.880171113719122,71,9,0,5
STU1937,Female,Mech,Business Analyst,8.004417235876751,84,3,4,1
STU1938,Male,CSE,Data Scientist,9.713855735997717,80,7,4,5
STU1939,Male,CSE,Data Analyst,7.746065470953463,71,9,6,1
STU1940,Female,CSE,Data Analyst,9.72117742055095,72,4,2,1
STU1941,Male,CSE,Web Developer,10.0,54,8,4,7
STU1942,Male,ECE,Full Stack Developer,8.005527436395418,52,4,0,4
STU1943,Female,CSE,Frontend Developer,9.709499504366294,50,8,4,4
STU1944,Female,ECE,Web Developer,8.129016879413903,55,4,4,6
STU1945,Male,CSE,Business Analyst,6.627629912749147,72,10,3,1
STU1946,Female,CSE,Full Stack Developer,8.272128656040747,78,5,0,6
STU1947,Male,CSE,Data Scientist,10.0,77,1,2,3
STU1948,Male,CSE,Business Analyst,7.05890615144529,65,3,1,2
STU1949,Female,CSE,Full Stack Developer,9.66178719139245,87,9,3,6
STU1950,Male,Mech,Business Analyst,8.681064669612862,66,6,3,5
STU1951,Male,CSE,Full Stack Developer,7.641986473664567,56,7,3,5
STU1952,Male,ECE,Full Stack Developer,9.562925037870217,74,7,4,4
STU1953,Female,CSE,Data Analyst,9.08245807611424,68,3,4,1
STU1954,Female,CSE,Business Analyst,7.408773297400101,75,9,1,1
STU1955,Male,CSE,Data Scientist,8.049268841885802,64,5,3,3
STU1956,Male,CSE,Data Scientist,7.810112721713026,95,4,6,2
STU1957,Male,CSE,Business Analyst,6.986992704778365,77,9,4,4
STU1958,Male,CSE,Frontend Developer,9.421356424295045,50,9,0,4
STU1959,Female,CSE,Data Analyst,8.041440157051913,92,2,6,4
STU1960,Male,CSE,Web Developer,10.0,79,7,0,6
STU1961,Female,Mech,QA Tester,8.753557881279715,83,10,2,4
STU1962,Female,CSE,Frontend Developer,9.41221004732852,59,9,4,6
STU1963,Female,CSE,QA Tester,6.898135502290497,93,10,0,5
STU1964,Female,CSE,Frontend Developer,7.793191242876062,69,8,3,7
STU1965,Male,CSE,Business Analyst,6.613997666042962,95,4,0,3
STU1966,Male,CSE,Data Analyst,7.633317170514386,74,9,2,5
STU1967,Male,CSE,Full Stack Developer,7.611958093107335,78,1,2,6
STU1968,Female,CSE,Data Scientist,10.0,84,7,3,1
STU1969,Male,CSE,Full Stack Developer,7.850096122654056,74,7,2,5
STU1970,Female,CSE,Frontend Developer,8.530094630344182,84,6,3,7
STU1971,Female,ECE,Web Developer,9.585057134831462,67,5,4,8
STU1972,Male,CSE,Full Stack Developer,9.034072368222477,62,2,3,6
STU1973,Male,CSE,Full Stack Developer,7.334836362096791,56,7,1,3
STU1974,Male,CSE,Full Stack Developer,9.71246907874342,77,7,2,7
STU1975,Male,CSE,Data Scientist,9.66190434555335,94,6,1,1
STU1976,Male,ECE,Full Stack Developer,8.733697389336363,58,2,0,3
STU1977,Female,CSE,Data Scientist,8.330702774690538,74,7,6,3
STU1978,Female,CSE,Web Developer,8.373669610226067,65,3,2,5
STU1979,Male,ECE,Frontend Developer,7.9613877671735045,79,1,3,6
STU1980,Female,CSE,QA Tester,9.117177614757338,70,4,4,5
STU1981,Male,ECE,Frontend Developer,7.349177060661276,61,5,4,7
STU1982,Male,Civil,QA Tester,7.522622889202321,90,7,1,3
STU1983,Male,ECE,Frontend Developer,9.23916890177569,50,6,4,4
STU1984,Male,CSE,Web Developer,7.389632022015974,52,4,1,4
STU1985,Male,ECE,QA Tester,9.222343533739217,77,8,3,5
STU1986,Male,CSE,Web Developer,10.0,74,2,0,6
STU1987,Female,CSE,Web Developer,9.424639017702162,70,2,1,7
STU1988,Male,CSE,Data Scientist,9.36116651677654,76,2,5,1
STU1989,Male,CSE,Data Analyst,9.747672780836893,83,3,6,5
STU1990,Female,CSE,Full Stack Developer,9.284212189316849,86,4,4,5
STU1991,Female,ECE,QA Tester,8.198109838171924,69,8,4,1
STU1992,Male,CSE,Business Analyst,7.913109821624676,73,6,0,1
STU1993,Male,Civil,Business Analyst,7.528060721260006,93,6,0,4
STU1994,Male,CSE,Data Analyst,9.263890041086768,92,5,2,3
STU1995,Female,CSE,Frontend Developer,9.242183084143587,71,7,2,6
STU1996,Female,CSE,Web Developer,7.372308844058375,78,2,3,7
STU1997,Male,CSE,Data Scientist,8.572613740390253,98,8,3,5
STU1998,Female,ECE,Frontend Developer,8.992160895008102,59,7,0,8
STU1999,Female,CSE,Web Developer,8.910301193171883,87,8,4,4
